,idx,dataset_name,table_name,technical_name,gt_label,prediction,exact-match,f1
0,0,AdventureWork_1,AWBuildVersion,DbVersion,database version,Database Version,1,1.0
1,0,AdventureWork_1,AWBuildVersion,ModDate,modified date,Modification Date,1,1.0
2,0,AdventureWork_1,AWBuildVersion,SysInformationID,system information identifier,System Information ID,0,0.6666666666666666
3,0,AdventureWork_1,AWBuildVersion,VerDate,version date,Version Date,1,1.0
4,1,AdventureWork_1,Address,ACity,address city,Agent City,0,0.5
5,1,AdventureWork_1,Address,AID,address identifier,Agent ID,0,0.0
6,1,AdventureWork_1,Address,AL1,address line 1,Agent Location 1,0,0.3333333333333333
7,1,AdventureWork_1,Address,AL2,address line 2,Agent Location 2,0,0.3333333333333333
8,1,AdventureWork_1,Address,ARGuid,address row globally unique identifier,Agent Region Guid,0,0.0
9,1,AdventureWork_1,Address,CDate,changed date,Contract Date,0,0.5
10,1,AdventureWork_1,Address,SID,state identifier,Salesperson ID,0,0.0
11,1,AdventureWork_1,Address,ZipCode,zip code,Zip Code,1,1.0
12,2,AdventureWork_1,AddressType,ATChangeDate,address type change date,Attribute Change Date,0,0.5714285714285715
13,2,AdventureWork_1,AddressType,ATRGuid,address type row globally unique identifier,Attribute GUID,0,0.0
14,2,AdventureWork_1,AddressType,ATypeID,address type identifier,Attribute Type ID,0,0.3333333333333333
15,2,AdventureWork_1,AddressType,Type,type,Type,1,1.0
16,3,AdventureWork_1,AdventureWorksDWBuildVersion,DBVers,database version,Database Version,1,1.0
17,3,AdventureWork_1,AdventureWorksDWBuildVersion,VerDate,version date,Version Date,1,1.0
18,4,AdventureWork_1,BillOfMaterials,Bid,bill identifier,Bid,0,0.0
19,4,AdventureWork_1,BillOfMaterials,BomLvl,bill of materials level,Bill of Materials Level,1,1.0
20,4,AdventureWork_1,BillOfMaterials,ModDate,modified date,Modification Date,1,1.0
21,4,AdventureWork_1,BillOfMaterials,PAssemblyQt,per assembly quantity,Parent Assembly Quantity,0,0.6666666666666666
22,4,AdventureWork_1,BillOfMaterials,PassemblyId,product assembly identifier,Parent Assembly ID,0,0.3333333333333333
23,4,AdventureWork_1,BillOfMaterials,cId,component identifier,Customer ID,0,0.0
24,4,AdventureWork_1,BillOfMaterials,eDate,end date,Effective Date,0,0.5
25,4,AdventureWork_1,BillOfMaterials,sDate,start date,Start Date,1,1.0
26,4,AdventureWork_1,BillOfMaterials,uMCode,unit measure code,Unit of Measure Code,0,0.8571428571428571
27,5,AdventureWork_1,BusinessEntity,ModDate,modified date,Modified Date,1,1.0
28,5,AdventureWork_1,BusinessEntity,bId,business identifier,Branch ID,0,0.0
29,5,AdventureWork_1,BusinessEntity,rId,row identifier,Region ID,0,0.0
30,6,AdventureWork_1,BusinessEntityAddress,ModDate,modified date,Modified Date,1,1.0
31,6,AdventureWork_1,BusinessEntityAddress,aId,address identifier,Account ID,0,0.0
32,6,AdventureWork_1,BusinessEntityAddress,aTypeId,address type identifier,Account Type ID,0,0.3333333333333333
33,6,AdventureWork_1,BusinessEntityAddress,bId,business identifier,Branch ID,0,0.0
34,6,AdventureWork_1,BusinessEntityAddress,rId,row identifier,Record ID,0,0.5
35,7,AdventureWork_1,BusinessEntityContact,ModDate,modified date,Modified Date,1,1.0
36,7,AdventureWork_1,BusinessEntityContact,PersonId,person identifier,Person ID,0,0.5
37,7,AdventureWork_1,BusinessEntityContact,bId,business identifier,Business ID,0,0.5
38,7,AdventureWork_1,BusinessEntityContact,cTypeId,contact type identifier,Customer Type ID,0,0.3333333333333333
39,7,AdventureWork_1,BusinessEntityContact,rId,row identifier,Reservation ID,0,0.0
40,8,AdventureWork_1,ContactType,CTypeID,contact type identifier,Customer Type ID,0,0.3333333333333333
41,8,AdventureWork_1,ContactType,ContactName,contact name,Contact Name,1,1.0
42,8,AdventureWork_1,ContactType,ContactTypeMDate,contact type modified date,Contact Type Modified Date,1,1.0
43,9,AdventureWork_1,CountryRegion,CRCode,country region code,Credit Code,0,0.4
44,9,AdventureWork_1,CountryRegion,CRMdate,country region modified date,Credit Memo Date,0,0.28571428571428575
45,9,AdventureWork_1,CountryRegion,CRName,country region name,Credit Memo Name,0,0.3333333333333333
46,10,AdventureWork_1,CountryRegionCurrency,CRCMdate,country region currency modified date,Credit Card Expiration Date,0,0.22222222222222224
47,10,AdventureWork_1,CountryRegionCurrency,CRCode,country region code,Credit Card Code,0,0.3333333333333333
48,10,AdventureWork_1,CountryRegionCurrency,CurrC,currency code,Currency Code,1,1.0
49,11,AdventureWork_1,CreditCard,CCCNumber,credit card card number,Credit Card Number,0,0.8571428571428571
50,11,AdventureWork_1,CreditCard,CCCType,credit card card type,Credit Card Type,0,0.8571428571428571
51,11,AdventureWork_1,CreditCard,CCExpM,credit card expire month,Credit Card Expiration Month,1,1.0
52,11,AdventureWork_1,CreditCard,CCExpY,credit card expire year,Credit Card Expiration Year,1,1.0
53,11,AdventureWork_1,CreditCard,CCId,credit card identifier,Credit Card Identification,0,0.6666666666666666
54,11,AdventureWork_1,CreditCard,CCMDate,credit card modified date,Credit Card Membership Date,0,0.75
55,12,AdventureWork_1,Culture,CultId,culture identifier,Culture ID,0,0.5
56,12,AdventureWork_1,Culture,CultMDate,culture modified date,Culture Maintenance Date,0,0.6666666666666666
57,12,AdventureWork_1,Culture,CultName,culture name,Culture Name,1,1.0
58,13,AdventureWork_1,Currency,CC,currency code,Credit Card,0,0.0
59,13,AdventureWork_1,Currency,CurrN,currency name,Currency Name,1,1.0
60,13,AdventureWork_1,Currency,MDate,modified date,Modified Date,1,1.0
61,14,AdventureWork_1,CurrencyRate,CurrAvgRate,currency average rate,Current Average Rate,0,0.6666666666666666
62,14,AdventureWork_1,CurrencyRate,CurrRDate,currency rate date,Current Rate Date,0,0.6666666666666666
63,14,AdventureWork_1,CurrencyRate,CurrRID,currency rate identifier,Current Rate ID,0,0.3333333333333333
64,14,AdventureWork_1,CurrencyRate,EODRate,end of day rate,End of Day Rate,1,1.0
65,14,AdventureWork_1,CurrencyRate,FromCurrCode,from currency code,From Currency Code,1,1.0
66,14,AdventureWork_1,CurrencyRate,MDate,modified date,Modified Date,1,1.0
67,14,AdventureWork_1,CurrencyRate,ToCurrCode,to currency code,To Currency Code,1,1.0
68,15,AdventureWork_1,Customer,CusAcctNo,customer account number,Customer Account Number,1,1.0
69,15,AdventureWork_1,Customer,CusRowID,customer row identifier,Customer Row ID,0,0.6666666666666666
70,15,AdventureWork_1,Customer,CustId,customer identifier,Customer ID,0,0.5
71,15,AdventureWork_1,Customer,MDate,modified date,Modified Date,1,1.0
72,15,AdventureWork_1,Customer,PID,person identifier,Product ID,0,0.0
73,15,AdventureWork_1,Customer,SID,store identifier,Supplier ID,0,0.0
74,15,AdventureWork_1,Customer,TID,territory identifier,Transaction ID,0,0.0
75,16,AdventureWork_1,DatabaseLog,DBLID,database log identifier,Database ID,0,0.4
76,16,AdventureWork_1,DatabaseLog,DBObj,database object,Database Object,1,1.0
77,16,AdventureWork_1,DatabaseLog,DBUser,database user,Database User,1,1.0
78,16,AdventureWork_1,DatabaseLog,DLPostTime,database log post time,Data Load Post Time,0,0.5
79,16,AdventureWork_1,DatabaseLog,DLSchema,database log schema,Data Load Schema,0,0.3333333333333333
80,16,AdventureWork_1,DatabaseLog,DLTSQL,database log transact structured query language,Data Load T-SQL,0,0.0
81,16,AdventureWork_1,DatabaseLog,Evt,event,Event,1,1.0
82,16,AdventureWork_1,DatabaseLog,XmlEvt,extensible markup language event,XML Event,0,0.3333333333333333
83,17,AdventureWork_1,Department,DName,department name,Department Name,1,1.0
84,17,AdventureWork_1,Department,DeptID,department identifier,Department ID,0,0.5
85,17,AdventureWork_1,Department,GrpN,group name,Group Number,0,0.5
86,17,AdventureWork_1,Department,MDate,modified date,Modified Date,1,1.0
87,18,AdventureWork_1,DimAccount,AcctCodeAltKey,account code alternate key,Account Code Alternate Key,1,1.0
88,18,AdventureWork_1,DimAccount,AcctDesc,account description,Account Description,1,1.0
89,18,AdventureWork_1,DimAccount,AcctKey,account key,Account Key,1,1.0
90,18,AdventureWork_1,DimAccount,AcctType,account type,Account Type,1,1.0
91,18,AdventureWork_1,DimAccount,CustMemOpt,custom member options,Customer Membership Option,0,0.3333333333333333
92,18,AdventureWork_1,DimAccount,CustomMem,custom members,Custom Membership,0,0.5
93,18,AdventureWork_1,DimAccount,DAOperator,dim account operator,Data Analysis Operator,0,0.3333333333333333
94,18,AdventureWork_1,DimAccount,ParentAcctCodeAltKey,parent account code alternate key,Parent Account Code Alternate Key,1,1.0
95,18,AdventureWork_1,DimAccount,ParentAcctKey,parent account key,Parent Account Key,1,1.0
96,18,AdventureWork_1,DimAccount,ValType,value type,Value Type,1,1.0
97,19,AdventureWork_1,DimCurrency,CurrAltKey,currency alternate key,Current Alternate Key,0,0.6666666666666666
98,19,AdventureWork_1,DimCurrency,CurrKey,currency key,Current Key,0,0.5
99,19,AdventureWork_1,DimCurrency,CurrName,currency name,Current Name,0,0.5
100,20,AdventureWork_1,DimCustomer,Addr,address,Address,1,1.0
101,20,AdventureWork_1,DimCustomer,Addr2,address 2,Address Line 2,0,0.8
102,20,AdventureWork_1,DimCustomer,"ChildrenAtHome
",children at home,Number of Children at Home,0,0.7499999999999999
103,20,AdventureWork_1,DimCustomer,Commute,commute,Commute Time,0,0.6666666666666666
104,20,AdventureWork_1,DimCustomer,CustAltKey,customer alternate key,Customer Alternate Key,1,1.0
105,20,AdventureWork_1,DimCustomer,CustFName,customer first name,Customer First Name,1,1.0
106,20,AdventureWork_1,DimCustomer,CustKey,customer key,Customer Key,1,1.0
107,20,AdventureWork_1,DimCustomer,CustTitle,customer title,Customer Title,1,1.0
108,20,AdventureWork_1,DimCustomer,Email,email,Email Address,0,0.6666666666666666
109,20,AdventureWork_1,DimCustomer,"EngEd
",english education,Highest Level of Education in English,0,0.5
110,20,AdventureWork_1,DimCustomer,EnglishOccu,english occupation,Occupation in English,0,0.8
111,20,AdventureWork_1,DimCustomer,"FirstPurchaseDate
",first purchase date,Date of First Purchase,0,0.8571428571428571
112,20,AdventureWork_1,DimCustomer,"FrEd
",french education,Highest Level of Education in French,0,0.5
113,20,AdventureWork_1,DimCustomer,FrenchOccu,french occupation,Occupation in French,0,0.8
114,20,AdventureWork_1,DimCustomer,GeoKey,geography key,Geographic Key,1,1.0
115,20,AdventureWork_1,DimCustomer,HouseOwner,house owner,House Owner Status,0,0.8
116,20,AdventureWork_1,DimCustomer,MStatus,marital status,Marital Status,1,1.0
117,20,AdventureWork_1,DimCustomer,"NameSuffix
",name suffix,Name Suffix,1,1.0
118,20,AdventureWork_1,DimCustomer,"PersonGender
",person gender,Person Gender,1,1.0
119,20,AdventureWork_1,DimCustomer,"PhoneNumber
",phone number,Phone Number,1,1.0
120,20,AdventureWork_1,DimCustomer,SpanEd,spanish education,Highest Level of Education in Spanish,0,0.5
121,20,AdventureWork_1,DimCustomer,SpanOccu,spanish occupation,Occupation in Spanish,0,0.8
122,20,AdventureWork_1,DimCustomer,bDate,birth date,Birth Date,1,1.0
123,20,AdventureWork_1,DimCustomer,income,income,Income,1,1.0
124,20,AdventureWork_1,DimCustomer,"lName
",last name,Last Name,1,1.0
125,20,AdventureWork_1,DimCustomer,"mName
",middle name,Middle Name,1,1.0
126,20,AdventureWork_1,DimCustomer,nCars,number of cars,Number of Cars,1,1.0
127,20,AdventureWork_1,DimCustomer,nStyle,name style,Preferred Car Style,0,0.4
128,20,AdventureWork_1,DimCustomer,totChild,total children,Total Number of Children,0,0.6666666666666666
129,21,AdventureWork_1,DimDate,DKey,date key,Dimension Key,0,0.5
130,21,AdventureWork_1,DimDate,DateAltKey,date alternate key,Date Alternate Key,1,1.0
131,21,AdventureWork_1,DimDate,DayMonNum,day month number,Day of Month Number,0,0.8571428571428571
132,21,AdventureWork_1,DimDate,"DayNum
",day number,Day Number,1,1.0
133,21,AdventureWork_1,DimDate,DayofWeek,day of week,Day of Week,1,1.0
134,21,AdventureWork_1,DimDate,"EngDayOfWeek
",english day of week,English Day of Week,1,1.0
135,21,AdventureWork_1,DimDate,EngMonth,english month,English Month,1,1.0
136,21,AdventureWork_1,DimDate,"FiscQuarter
",fiscal quarter,Fiscal Quarter,1,1.0
137,21,AdventureWork_1,DimDate,FiscSemester,fiscal semester,Fiscal Semester,1,1.0
138,21,AdventureWork_1,DimDate,FiscYear,fiscal year,Fiscal Year,1,1.0
139,21,AdventureWork_1,DimDate,FrDayOfWeek,french day of week,French Day of Week,1,1.0
140,21,AdventureWork_1,DimDate,FrenchMon,french month,French Month,1,1.0
141,21,AdventureWork_1,DimDate,Month,month,Month,1,1.0
142,21,AdventureWork_1,DimDate,Qtr,quarter,Quarter,1,1.0
143,21,AdventureWork_1,DimDate,Semseter,semester,Semester,1,1.0
144,21,AdventureWork_1,DimDate,SpanDayOfWeek,spanish day of week,Spanish Day of Week,1,1.0
145,21,AdventureWork_1,DimDate,SpanMonth,spanish month,Spanish Month,1,1.0
146,21,AdventureWork_1,DimDate,WeekNum,week number,Week Number,1,1.0
147,21,AdventureWork_1,DimDate,Year,year,Year,1,1.0
148,22,AdventureWork_1,DimDepartmentGroup,"DeptKey
",department key,Department Key,1,1.0
149,22,AdventureWork_1,DimDepartmentGroup,GrpName,group name,Group Name,1,1.0
150,22,AdventureWork_1,DimDepartmentGroup,ParentDeptKey,parent department key,Parent Department Key,1,1.0
151,23,AdventureWork_1,DimEmployee,BDay,birth day,Birthday,0,0.0
152,23,AdventureWork_1,DimEmployee,BasePay,base pay,Base Pay,1,1.0
153,23,AdventureWork_1,DimEmployee,Current,current,Current Position,0,0.6666666666666666
154,23,AdventureWork_1,DimEmployee,Dept,department,Department,1,1.0
155,23,AdventureWork_1,DimEmployee,"EAddr
",email address,Email Address,1,1.0
156,23,AdventureWork_1,DimEmployee,EmergencyContact,emergency contact,Emergency Contact,1,1.0
157,23,AdventureWork_1,DimEmployee,EmergencyPhoneNumber,emergency phone number,Emergency Phone Number,1,1.0
158,23,AdventureWork_1,DimEmployee,"EmpAltKey
",employee alternate key,Employee Alternate Key,1,1.0
159,23,AdventureWork_1,DimEmployee,"EmpGender
",employee gender,Employee Gender,1,1.0
160,23,AdventureWork_1,DimEmployee,EmpKey,employee key,Employee Key,1,1.0
161,23,AdventureWork_1,DimEmployee,"EmpStatus
",employee status,Employee Status,1,1.0
162,23,AdventureWork_1,DimEmployee,EmpTitle,employee title,Employee Title,1,1.0
163,23,AdventureWork_1,DimEmployee,Ended,ended,Employment End Date,0,0.5
164,23,AdventureWork_1,DimEmployee,"FName
",first name,First Name,1,1.0
165,23,AdventureWork_1,DimEmployee,Hired,hire date,Date Hired,0,1.0
166,23,AdventureWork_1,DimEmployee,ID,identifier,Employee ID,0,0.0
167,23,AdventureWork_1,DimEmployee,LName,last name,Last Name,1,1.0
168,23,AdventureWork_1,DimEmployee,MName,middle name,Middle Name,1,1.0
169,23,AdventureWork_1,DimEmployee,"MStat
",marital status,Marital Status,1,1.0
170,23,AdventureWork_1,DimEmployee,"ParentEmpAltKey
",parent employee alternate key,Parent Employee Alternate Key,1,1.0
171,23,AdventureWork_1,DimEmployee,ParentEmpKey,parent employee key,Parent Employee Key,1,1.0
172,23,AdventureWork_1,DimEmployee,"PayCheckFreq
",pay check frequency,Paycheck Frequency,0,0.4
173,23,AdventureWork_1,DimEmployee,"PhoneNumber
",phone number,Phone Number,1,1.0
174,23,AdventureWork_1,DimEmployee,"Salaried
",salaried,Salaried Employee,0,0.6666666666666666
175,23,AdventureWork_1,DimEmployee,"SalesRegionKey
",sales region key,Sales Region Key,1,1.0
176,23,AdventureWork_1,DimEmployee,SickTime,sick time,Sick Time,1,1.0
177,23,AdventureWork_1,DimEmployee,Started,started,Employment Start Date,0,0.5
178,23,AdventureWork_1,DimEmployee,StyleName,style name,Style Name,1,1.0
179,23,AdventureWork_1,DimEmployee,VacationTime,vacation time,Vacation Time,1,1.0
180,23,AdventureWork_1,DimEmployee,"isSales
",is sales,Is Sales Employee,0,0.8
181,24,AdventureWork_1,DimGeography,CityName,city name,City Name,1,1.0
182,24,AdventureWork_1,DimGeography,Country,country,Country,1,1.0
183,24,AdventureWork_1,DimGeography,"EngCountryName
",english country name,English Country Name,1,1.0
184,24,AdventureWork_1,DimGeography,FrCountry,french country,French Country,1,1.0
185,24,AdventureWork_1,DimGeography,Ipv4,internet protocol version 4,IPv4,0,0.0
186,24,AdventureWork_1,DimGeography,"LocationKey
",location key,Location Key,1,1.0
187,24,AdventureWork_1,DimGeography,PCode,postal code,Postal Code,1,1.0
188,24,AdventureWork_1,DimGeography,SalesTerritory,sales territory,Sales Territory,1,1.0
189,24,AdventureWork_1,DimGeography,SpanishCountry,spanish country,Spanish Country,1,1.0
190,24,AdventureWork_1,DimGeography,StateCode,state code,State Code,1,1.0
191,24,AdventureWork_1,DimGeography,StateName,state name,State Name,1,1.0
192,25,AdventureWork_1,DimOrganization,Currency,currency,Currency,1,1.0
193,25,AdventureWork_1,DimOrganization,OrgKey,organization key,Organization Key,1,1.0
194,25,AdventureWork_1,DimOrganization,Organization,organization,Organization,1,1.0
195,25,AdventureWork_1,DimOrganization,ParentOrgKey,parent organization key,Parent Organization Key,1,1.0
196,25,AdventureWork_1,DimOrganization,PercentOwner,percentage ownership,Percent Owner,0,0.0
197,26,AdventureWork_1,DimProduct,AltProdKey,alternate product key,Alternate Product Key,1,1.0
198,26,AdventureWork_1,DimProduct,ArabDESCR,arabic description,Arabic Description,1,1.0
199,26,AdventureWork_1,DimProduct,Category,category,Category,1,1.0
200,26,AdventureWork_1,DimProduct,ChineseDESCR,chinese description,Chinese Description,1,1.0
201,26,AdventureWork_1,DimProduct,DProdClass,dim product class,Dealer Product Class,0,0.6666666666666666
202,26,AdventureWork_1,DimProduct,DProdColor,dim product color,Dealer Product Color,0,0.6666666666666666
203,26,AdventureWork_1,DimProduct,DProdDealerPrice,dim product dealer price,Dealer Product Dealer Price,0,0.75
204,26,AdventureWork_1,DimProduct,DProdEndDate,dim product end date,Dealer Product End Date,0,0.75
205,26,AdventureWork_1,DimProduct,DProdListPrice,dim product list price,Dealer Product List Price,0,0.75
206,26,AdventureWork_1,DimProduct,DProdModelName,dim product model name,Dealer Product Model Name,0,0.75
207,26,AdventureWork_1,DimProduct,DProdSize,dim product size,Dealer Product Size,0,0.6666666666666666
208,26,AdventureWork_1,DimProduct,DProdSizeRng,dim product size range,Dealer Product Size Range,0,0.75
209,26,AdventureWork_1,DimProduct,DProdStartDate,dim product start date,Dealer Product Start Date,0,0.75
210,26,AdventureWork_1,DimProduct,DProdStatus,dim product status,Dealer Product Status,0,0.6666666666666666
211,26,AdventureWork_1,DimProduct,DProdStyle,dim product style,Dealer Product Style,0,0.6666666666666666
212,26,AdventureWork_1,DimProduct,DProdWeight,dim product weight,Dealer Product Weight,0,0.6666666666666666
213,26,AdventureWork_1,DimProduct,DaysToMF,days to manufacture,Days to Manufacturer,0,0.6666666666666666
214,26,AdventureWork_1,DimProduct,EngDESCR,english description,English Description,1,1.0
215,26,AdventureWork_1,DimProduct,EnglishProdName,english product name,English Product Name,1,1.0
216,26,AdventureWork_1,DimProduct,FinGdFlag,finished goods flag,Finished Goods Flag,1,1.0
217,26,AdventureWork_1,DimProduct,FrDESCR,french description,French Description,1,1.0
218,26,AdventureWork_1,DimProduct,FrenchProdName,french product name,French Product Name,1,1.0
219,26,AdventureWork_1,DimProduct,GermanDESCR,german description,German Description,1,1.0
220,26,AdventureWork_1,DimProduct,HebrewDESCR,hebrew description,Hebrew Description,1,1.0
221,26,AdventureWork_1,DimProduct,JapDESCR,japanese description,Japanese Description,1,1.0
222,26,AdventureWork_1,DimProduct,Prod,product,Product,1,1.0
223,26,AdventureWork_1,DimProduct,ProdLine,product line,Product Line,1,1.0
224,26,AdventureWork_1,DimProduct,ReorderPt,reorder point,Reorder Point,1,1.0
225,26,AdventureWork_1,DimProduct,SafeStockLvl,safety stock level,Safe Stock Level,1,1.0
226,26,AdventureWork_1,DimProduct,SizeUnit,size unit,Size Unit,1,1.0
227,26,AdventureWork_1,DimProduct,SpanProdName,spanish product name,Spanish Product Name,1,1.0
228,26,AdventureWork_1,DimProduct,StdCost,standard cost,Standard Cost,1,1.0
229,26,AdventureWork_1,DimProduct,ThaiDESCR,thai description,Thai Description,1,1.0
230,26,AdventureWork_1,DimProduct,TurkishDESCR,turkish description,Turkish Description,1,1.0
231,26,AdventureWork_1,DimProduct,WeightUnit,weight unit,Weight Unit,1,1.0
232,27,AdventureWork_1,DimProductCategory,EngProdCatName,english product category name,English Product Category Name,1,1.0
233,27,AdventureWork_1,DimProductCategory,FrProdCatName,french product category name,French Product Category Name,1,1.0
234,27,AdventureWork_1,DimProductCategory,ProdCatAltKey,product category alternate key,Product Category Alternate Key,1,1.0
235,27,AdventureWork_1,DimProductCategory,ProdCatKey,product category key,Product Category Key,1,1.0
236,27,AdventureWork_1,DimProductCategory,SpanProdCatName,spanish product category name,Spanish Product Category Name,1,1.0
237,28,AdventureWork_1,DimProductSubcategory,EngProdSubcatName,english product subcategory name,English Product Subcategory Name,1,1.0
238,28,AdventureWork_1,DimProductSubcategory,FrProdSubcatName,french product subcategory name,French Product Subcategory Name,1,1.0
239,28,AdventureWork_1,DimProductSubcategory,ProdSubcatAltKey,product subcategory alternate key,Product Subcategory Alternate Key,1,1.0
240,28,AdventureWork_1,DimProductSubcategory,ProdSubcatKey,product subcategory key,Product Subcategory Key,1,1.0
241,28,AdventureWork_1,DimProductSubcategory,SpanProdSubcatName,spanish product subcategory name,Spanish Product Subcategory Name,1,1.0
242,28,AdventureWork_1,DimProductSubcategory,SubProdCatKey,sub product category key,Subcategory Key,0,0.3333333333333333
243,29,AdventureWork_1,DimPromotion,DProdDiscountPct,dim product discount percent,Discount Product Discount Percentage,0,0.75
244,29,AdventureWork_1,DimPromotion,DPromoEndDate,dim promotion end date,Discount Promo End Date,0,0.5
245,29,AdventureWork_1,DimPromotion,DPromoMaxQty,dim promotion maximum quantity,Discount Promo Maximum Quantity,0,0.5
246,29,AdventureWork_1,DimPromotion,DPromoMinQty,dim promotion minimum quantity,Discount Promo Minimum Quantity,0,0.5
247,29,AdventureWork_1,DimPromotion,DPromoStateDate,dim promotion start date,Discount Promo Start Date,0,0.5
248,29,AdventureWork_1,DimPromotion,EngPromoCat,english promotion category,English Promo Category,0,0.6666666666666666
249,29,AdventureWork_1,DimPromotion,EngPromoName,english promotion name,English Promo Name,0,0.6666666666666666
250,29,AdventureWork_1,DimPromotion,EngPromoType,english promotion type,English Promo Type,0,0.6666666666666666
251,29,AdventureWork_1,DimPromotion,FrPromoCat,french promotion category,French Promo Category,0,0.6666666666666666
252,29,AdventureWork_1,DimPromotion,FrPromoName,french promotion name,French Promo Name,0,0.6666666666666666
253,29,AdventureWork_1,DimPromotion,FrPromoType,french promotion type,French Promo Type,0,0.6666666666666666
254,29,AdventureWork_1,DimPromotion,PromoAltKey,promotion alternate key,Promo Alternate Key,0,0.6666666666666666
255,29,AdventureWork_1,DimPromotion,PromoKey,promotion key,Promo Key,0,0.5
256,29,AdventureWork_1,DimPromotion,SpanPromoCat,spanish promotion category,Spanish Promo Category,0,0.6666666666666666
257,29,AdventureWork_1,DimPromotion,SpanPromoName,spanish promotion name,Spanish Promo Name,0,0.6666666666666666
258,29,AdventureWork_1,DimPromotion,SpanPromoType,spanish promotion type,Spanish Promo Type,0,0.6666666666666666
259,30,AdventureWork_1,DimReseller,DGeoKey,dim geography key,Delivery Geographic Key,0,0.6666666666666666
260,30,AdventureWork_1,DimReseller,DResAddrLine1,dim reseller address line 1,Delivery Residential Address Line 1,0,0.6
261,30,AdventureWork_1,DimReseller,DResAddrLine2,dim reseller address line 2,Delivery Residential Address Line 2,0,0.6
262,30,AdventureWork_1,DimReseller,DResAltKey,dim reseller alternate key,Delivery Residential Alternate Key,0,0.5
263,30,AdventureWork_1,DimReseller,DResAnnuRev,dim reseller annual revenue,Delivery Residential Annual Revenue,0,0.5
264,30,AdventureWork_1,DimReseller,DResAnnuSales,dim reseller annual sales,Delivery Residential Annual Sales,0,0.5
265,30,AdventureWork_1,DimReseller,DResBankName,dim reseller bank name,Delivery Residential Bank Name,0,0.5
266,30,AdventureWork_1,DimReseller,DResBizType,dim reseller business type,Delivery Residential Business Type,0,0.5
267,30,AdventureWork_1,DimReseller,DResFirstOrdYear,dim reseller first order year,Delivery Residential First Order Year,0,0.6
268,30,AdventureWork_1,DimReseller,DResKey,dim reseller key,Delivery Residential Key,0,0.3333333333333333
269,30,AdventureWork_1,DimReseller,DResLastOrdYear,dim reseller last order year,Delivery Residential Last Order Year,0,0.6
270,30,AdventureWork_1,DimReseller,DResMinPayAmt,dim reseller minimum payment amount,Delivery Residential Minimum Payment Amount,0,0.6
271,30,AdventureWork_1,DimReseller,DResMinPayType,dim reseller minimum payment type,Delivery Residential Minimum Payment Type,0,0.6
272,30,AdventureWork_1,DimReseller,DResName,dim reseller name,Delivery Residential Name,0,0.3333333333333333
273,30,AdventureWork_1,DimReseller,DResOrderFrq,dim reseller order frequency,Delivery Residential Order Frequency,0,0.5
274,30,AdventureWork_1,DimReseller,DResOrderMonth,dim reseller order month,Delivery Residential Order Month,0,0.5
275,30,AdventureWork_1,DimReseller,DResPhone,dim reseller phone,Delivery Residential Phone,0,0.3333333333333333
276,30,AdventureWork_1,DimReseller,DResProdLine,dim reseller product line,Delivery Residential Product Line,0,0.5
277,30,AdventureWork_1,DimReseller,DResYearOpened,dim reseller year opened,Delivery Residential Year Opened,0,0.5
278,30,AdventureWork_1,DimReseller,RNumEmployees,reseller number employees,Number of Employees in Residence,0,0.5
279,31,AdventureWork_1,DimSalesReason,DSalesRsnAltKey,dim sales reason alternate key,Sales Reason Alternate Key,0,0.888888888888889
280,31,AdventureWork_1,DimSalesReason,DSalesRsnKey,dim sales reason key,Sales Reason Key,0,0.8571428571428571
281,31,AdventureWork_1,DimSalesReason,DSalesRsnName,dim sales reason name,Sales Reason Name,0,0.8571428571428571
282,31,AdventureWork_1,DimSalesReason,DSalesRsnType,dim sales reason type,Sales Reason Type,0,0.8571428571428571
283,32,AdventureWork_1,DimSalesTerritory,DSalesTerAltKey,dim sales territory alternate key,Sales Territory Alternate Key,0,0.888888888888889
284,32,AdventureWork_1,DimSalesTerritory,DSalesTerCountry,dim sales territory country,Sales Territory Country,0,0.8571428571428571
285,32,AdventureWork_1,DimSalesTerritory,DSalesTerGrp,dim sales territory group,Sales Territory Group,0,0.8571428571428571
286,32,AdventureWork_1,DimSalesTerritory,DSalesTerKey,dim sales territory key,Sales Territory Key,0,0.8571428571428571
287,32,AdventureWork_1,DimSalesTerritory,DSalesTerRegion,dim sales territory region,Sales Territory Region,0,0.8571428571428571
288,33,AdventureWork_1,DimScenario,DScenKey,dim scenario key,Scenario Key,0,0.8
289,33,AdventureWork_1,DimScenario,DScenName,dim scenario name,Scenario Name,0,0.8
290,34,AdventureWork_1,Document,ChangedDate,changed date,Changed Date,1,1.0
291,34,AdventureWork_1,Document,DocFF,document folder flag,Document File Format,0,0.3333333333333333
292,34,AdventureWork_1,Document,DocLvl,document level,Document Level,1,1.0
293,34,AdventureWork_1,Document,DocOwr,document owner,Document Owner,1,1.0
294,34,AdventureWork_1,Document,DocSummary,document summary,Document Summary,1,1.0
295,34,AdventureWork_1,Document,DocTitle,document title,Document Title,1,1.0
296,34,AdventureWork_1,Document,DocuChngNo,document change number,Document Change Number,1,1.0
297,34,AdventureWork_1,Document,DocuFileE,document file extension,Document File Extension,1,1.0
298,34,AdventureWork_1,Document,DocuFileN,document file name,Document File Name,1,1.0
299,34,AdventureWork_1,Document,DocuRvsn,document revision,Document Revision,1,1.0
300,34,AdventureWork_1,Document,DocuStatus,document status,Document Status,1,1.0
301,34,AdventureWork_1,Document,r_guid,row globally unique identifier,Record GUID,0,0.3333333333333333
302,35,AdventureWork_1,EmailAddress,BusinessEntId,business entity identifier,Business Entity ID,0,0.6666666666666666
303,35,AdventureWork_1,EmailAddress,EAddress,email address,Entity Address,0,0.5
304,35,AdventureWork_1,EmailAddress,EmailId,email identifier,Email ID,0,0.5
305,35,AdventureWork_1,EmailAddress,ModifDate,modified date,Modification Date,1,1.0
306,35,AdventureWork_1,EmailAddress,rguid,row globally unique identifier,Random GUID,0,0.0
307,36,AdventureWork_1,Employee,Birthday,birthday,Birthdate,0,0.0
308,36,AdventureWork_1,Employee,BusEntId,business entity identifier,Business Entity ID,0,0.6666666666666666
309,36,AdventureWork_1,Employee,CurrentEmployeeFlag,current employee flag,Current Employee Flag,1,1.0
310,36,AdventureWork_1,Employee,HiringDate,hiring date,Hiring Date,1,1.0
311,36,AdventureWork_1,Employee,HoursOnVacation,hours on vacation,Hours on Vacation,1,1.0
312,36,AdventureWork_1,Employee,JobTtl,job title,Job Title,1,1.0
313,36,AdventureWork_1,Employee,Login,login,Login,1,1.0
314,36,AdventureWork_1,Employee,Married,married,Marital Status,0,0.6666666666666666
315,36,AdventureWork_1,Employee,ModificationDate,modification date,Modification Date,1,1.0
316,36,AdventureWork_1,Employee,NationId,national identifier,Nationality ID,0,0.0
317,36,AdventureWork_1,Employee,OrgLevel,organization level,Organizational Level,1,1.0
318,36,AdventureWork_1,Employee,SalaryFlag,salary flag,Salary Flag,1,1.0
319,36,AdventureWork_1,Employee,Sex,sex,Gender,0,0.0
320,36,AdventureWork_1,Employee,SickTime,sick time,Sick Time,1,1.0
321,36,AdventureWork_1,Employee,row_guid,row globally unique identifier,Row GUID,0,0.3333333333333333
322,37,AdventureWork_1,EmployeeDepartmentHistory,BussEnttyId,business entity identifier,Business Entity ID,0,0.6666666666666666
323,37,AdventureWork_1,EmployeeDepartmentHistory,DeptId,department identifier,Department ID,0,0.5
324,37,AdventureWork_1,EmployeeDepartmentHistory,EmployeeEndDate,employee end date,Employee End Date,1,1.0
325,37,AdventureWork_1,EmployeeDepartmentHistory,ModDate,modified date,Modification Date,1,1.0
326,37,AdventureWork_1,EmployeeDepartmentHistory,ShiftId,shift identifier,Shift ID,0,0.5
327,37,AdventureWork_1,EmployeeDepartmentHistory,StartDay,start day,Start Day,1,1.0
328,38,AdventureWork_1,EmployeePayHistory,BusnsEnttyId,business entity identifier,Business Entity ID,0,0.6666666666666666
329,38,AdventureWork_1,EmployeePayHistory,ChangedDate,changed date,Changed Date,1,1.0
330,38,AdventureWork_1,EmployeePayHistory,EmployeePayFrequency,employee pay frequency,Employee Pay Frequency,1,1.0
331,38,AdventureWork_1,EmployeePayHistory,Rate,rate,Rate,1,1.0
332,38,AdventureWork_1,EmployeePayHistory,RateChangeDay,rate change day,Rate Change Day,1,1.0
333,39,AdventureWork_1,ErrorLog,ErrLine,error line,Error Line,1,1.0
334,39,AdventureWork_1,ErrorLog,ErrLogId,error log identifier,Error Log ID,0,0.6666666666666666
335,39,AdventureWork_1,ErrorLog,ErrMsg,error message,Error Message,1,1.0
336,39,AdventureWork_1,ErrorLog,ErrNo,error number,Error Number,1,1.0
337,39,AdventureWork_1,ErrorLog,ErrPcd,error procedure,Error Product Code,0,0.4
338,39,AdventureWork_1,ErrorLog,ErrSeverity,error severity,Error Severity,1,1.0
339,39,AdventureWork_1,ErrorLog,ErrState,error state,Error State,1,1.0
340,39,AdventureWork_1,ErrorLog,ErrTime,error time,Error Time,1,1.0
341,39,AdventureWork_1,ErrorLog,UName,user name,User Name,1,1.0
342,40,AdventureWork_1,FactAdditionalInternationalProductDescription,CultName,culture name,Customer Name,0,0.5
343,40,AdventureWork_1,FactAdditionalInternationalProductDescription,ProdDESCR,product description,Product Description,1,1.0
344,40,AdventureWork_1,FactAdditionalInternationalProductDescription,ProdKey,product key,Product Key,1,1.0
345,41,AdventureWork_1,FactCallCenter,Date ,date,Date,1,1.0
346,41,AdventureWork_1,FactCallCenter,FactCCAutRSPs,fact call center automatic responses,Customer Care Authorization Response,0,0.22222222222222224
347,41,AdventureWork_1,FactCallCenter,FactCCAvgTimePerIssue,fact call center average time per issue,Customer Care Average Time Per Issue,0,0.6153846153846153
348,41,AdventureWork_1,FactCallCenter,FactCCCalls,fact call center calls,Customer Care Calls,0,0.28571428571428575
349,41,AdventureWork_1,FactCallCenter,FactCCDateKey,fact call center date key,Customer Care Date Key,0,0.4444444444444445
350,41,AdventureWork_1,FactCallCenter,FactCCID,fact call center identifier,Customer Care ID,0,0.0
351,41,AdventureWork_1,FactCallCenter,FactCCIssuesRaised,fact call center issues raised,Customer Care Issues Raised,0,0.4444444444444445
352,41,AdventureWork_1,FactCallCenter,FactCCLvlOneOps,fact call center level one operators,Customer Care Level One Operators,0,0.5454545454545454
353,41,AdventureWork_1,FactCallCenter,FactCCLvlTwoOps,fact call center level two operators,Customer Care Level Two Operators,0,0.5454545454545454
354,41,AdventureWork_1,FactCallCenter,FactCCOrders,fact call center orders,Customer Care Orders,0,0.28571428571428575
355,41,AdventureWork_1,FactCallCenter,FactCCShift,fact call center shift,Customer Care Shift,0,0.28571428571428575
356,41,AdventureWork_1,FactCallCenter,FactCCTotOps,fact call center total operators,Customer Care Total Operators,0,0.4444444444444445
357,41,AdventureWork_1,FactCallCenter,FactCCWageType,fact call center wage type,Customer Care Wage Type,0,0.4444444444444445
358,41,AdventureWork_1,FactCallCenter,SGrade,service grade,Service Grade,1,1.0
359,42,AdventureWork_1,FactCurrencyRate,Currency,currency,Currency,1,1.0
360,42,AdventureWork_1,FactCurrencyRate,Date,date,Date,1,1.0
361,42,AdventureWork_1,FactCurrencyRate,EODRate,end of day rate,End of Day Rate,1,1.0
362,42,AdventureWork_1,FactCurrencyRate,KeyForDate,key for date,Key for Date,1,1.0
363,42,AdventureWork_1,FactCurrencyRate,MeanRate,mean rate,Mean Rate,1,1.0
364,43,AdventureWork_1,FactFinance,AcctKey,account key,Account Key,1,1.0
365,43,AdventureWork_1,FactFinance,Amt,amount,Amount,1,1.0
366,43,AdventureWork_1,FactFinance,DKey,date key,Department Key,0,0.5
367,43,AdventureWork_1,FactFinance,Date,date,Date,1,1.0
368,43,AdventureWork_1,FactFinance,DeptGroup,department group,Department Group,1,1.0
369,43,AdventureWork_1,FactFinance,FKey,finance key,Foreign Key,0,0.5
370,43,AdventureWork_1,FactFinance,OrgKey,organization key,Organization Key,1,1.0
371,43,AdventureWork_1,FactFinance,Scenario,scenario,Scenario,1,1.0
372,44,AdventureWork_1,FactInternetSales,CarrierTrackNo,carrier tracking number,Carrier Tracking Number,1,1.0
373,44,AdventureWork_1,FactInternetSales,Currency,currency,Currency,1,1.0
374,44,AdventureWork_1,FactInternetSales,CustKey,customer key,Customer Key,1,1.0
375,44,AdventureWork_1,FactInternetSales,CustPONo,customer postal number,Customer Purchase Order Number,0,0.5714285714285715
376,44,AdventureWork_1,FactInternetSales,DscntAmt,discount amount,Discount Amount,1,1.0
377,44,AdventureWork_1,FactInternetSales,DueDate,due date,Due Date,1,1.0
378,44,AdventureWork_1,FactInternetSales,DueTime,due time,Due Time,1,1.0
379,44,AdventureWork_1,FactInternetSales,ExdAmt,extended amount,Extended Amount,1,1.0
380,44,AdventureWork_1,FactInternetSales,Feight,freight,Freight,1,1.0
381,44,AdventureWork_1,FactInternetSales,OrderDate,order date,Order Date,1,1.0
382,44,AdventureWork_1,FactInternetSales,OrderQty,order quantity,Order Quantity,1,1.0
383,44,AdventureWork_1,FactInternetSales,OrderTime,order time,Order Time,1,1.0
384,44,AdventureWork_1,FactInternetSales,ProdKey,product key,Product Key,1,1.0
385,44,AdventureWork_1,FactInternetSales,ProdStandardCost,product standard cost,Product Standard Cost,1,1.0
386,44,AdventureWork_1,FactInternetSales,PromoKey,promotion key,Promotion Key,1,1.0
387,44,AdventureWork_1,FactInternetSales,RevNum,revision number,Revenue Number,0,0.5
388,44,AdventureWork_1,FactInternetSales,SalesAmt,sales amount,Sales Amount,1,1.0
389,44,AdventureWork_1,FactInternetSales,SalesOrderLnNum,sales order line number,Sales Order Line Number,1,1.0
390,44,AdventureWork_1,FactInternetSales,SalesOrderNum,sales order number,Sales Order Number,1,1.0
391,44,AdventureWork_1,FactInternetSales,"SalesRegionKey
",sales region key,Sales Region Key,1,1.0
392,44,AdventureWork_1,FactInternetSales,ShipDate,ship date,Ship Date,1,1.0
393,44,AdventureWork_1,FactInternetSales,ShipTime,ship time,Ship Time,1,1.0
394,44,AdventureWork_1,FactInternetSales,TaxAmount,tax amount,Tax Amount,1,1.0
395,44,AdventureWork_1,FactInternetSales,TotalProdCost,total product cost,Total Product Cost,1,1.0
396,44,AdventureWork_1,FactInternetSales,UPrice,unit price,Unit Price,1,1.0
397,44,AdventureWork_1,FactInternetSales,UnitPriceDiscPct,unit price discount percent,Unit Price Discount Percentage,1,1.0
398,45,AdventureWork_1,FactInternetSalesReason,SalesOrderLnNo,sales order line number,Sales Order Line Number,1,1.0
399,45,AdventureWork_1,FactInternetSalesReason,SalesOrderNo,sales order number,Sales Order Number,1,1.0
400,45,AdventureWork_1,FactInternetSalesReason,SalesReason,sales reason,Sales Reason,1,1.0
401,46,AdventureWork_1,FactProductInventory,DKey,date key,Delivery Key,0,0.5
402,46,AdventureWork_1,FactProductInventory,MovementTime,movement time,Movement Time,1,1.0
403,46,AdventureWork_1,FactProductInventory,ProdKey,product key,Product Key,1,1.0
404,46,AdventureWork_1,FactProductInventory,UCost,unit cost,Unit Cost,1,1.0
405,46,AdventureWork_1,FactProductInventory,UnitsBal,units balance,Units Balance,1,1.0
406,46,AdventureWork_1,FactProductInventory,UnitsIn,units in,Units In,1,1.0
407,46,AdventureWork_1,FactProductInventory,UnitsOut,units out,Units Out,1,1.0
408,47,AdventureWork_1,FactResellerSales,CarrierTrackNo,carrier tracking number,Carrier Tracking Number,1,1.0
409,47,AdventureWork_1,FactResellerSales,CurrencyKey,currency key,Currency Key,1,1.0
410,47,AdventureWork_1,FactResellerSales,CustPO ,customer postal,Customer Purchase Order,0,0.4
411,47,AdventureWork_1,FactResellerSales,DiscAmt,discount amount,Discount Amount,1,1.0
412,47,AdventureWork_1,FactResellerSales,Due,due,Due Amount,0,0.6666666666666666
413,47,AdventureWork_1,FactResellerSales,DueDateKey,due date key,Due Date Key,1,1.0
414,47,AdventureWork_1,FactResellerSales,Employee,employee,Employee,1,1.0
415,47,AdventureWork_1,FactResellerSales,ExdAmt,extended amount,Extended Amount,1,1.0
416,47,AdventureWork_1,FactResellerSales,Freight,freight,Freight,1,1.0
417,47,AdventureWork_1,FactResellerSales,Order,order,Order,1,1.0
418,47,AdventureWork_1,FactResellerSales,OrderDateKey,order date key,Order Date Key,1,1.0
419,47,AdventureWork_1,FactResellerSales,OrderQty,order quantity,Order Quantity,1,1.0
420,47,AdventureWork_1,FactResellerSales,ProdKey,product key,Product Key,1,1.0
421,47,AdventureWork_1,FactResellerSales,ProdStandardCost,product standard cost,Product Standard Cost,1,1.0
422,47,AdventureWork_1,FactResellerSales,PromoKey,promotion key,Promotion Key,1,1.0
423,47,AdventureWork_1,FactResellerSales,Reseller,reseller,Reseller,1,1.0
424,47,AdventureWork_1,FactResellerSales,RevNum,revision number,Revenue Number,0,0.5
425,47,AdventureWork_1,FactResellerSales,SalesAmt,sales amount,Sales Amount,1,1.0
426,47,AdventureWork_1,FactResellerSales,SalesOrderLnNo,sales order line number,Sales Order Line Number,1,1.0
427,47,AdventureWork_1,FactResellerSales,SalesOrderNo,sales order number,Sales Order Number,1,1.0
428,47,AdventureWork_1,FactResellerSales,"SalesRegionKey
",sales region key,Sales Region Key,1,1.0
429,47,AdventureWork_1,FactResellerSales,Ship,ship,Shipping,1,1.0
430,47,AdventureWork_1,FactResellerSales,ShipDateKey,ship date key,Shipping Date Key,1,1.0
431,47,AdventureWork_1,FactResellerSales,TaxAmt,tax amount,Tax Amount,1,1.0
432,47,AdventureWork_1,FactResellerSales,TotalProdCost,total product cost,Total Product Cost,1,1.0
433,47,AdventureWork_1,FactResellerSales,UnitCost,unit cost,Unit Cost,1,1.0
434,47,AdventureWork_1,FactResellerSales,UnitPriceDiscPct,unit price discount percent,Unit Price Discount Percentage,1,1.0
435,48,AdventureWork_1,FactSalesQuota,CalQuarter,calendar quarter,Calendar Quarter,1,1.0
436,48,AdventureWork_1,FactSalesQuota,CalYear,calendar year,Calendar Year,1,1.0
437,48,AdventureWork_1,FactSalesQuota,Date,date,Date,1,1.0
438,48,AdventureWork_1,FactSalesQuota,EmpKey,employee key,Employee Key,1,1.0
439,48,AdventureWork_1,FactSalesQuota,SalesAmtQuot,sales amount quota,Sales Amount Quoted,0,0.6666666666666666
440,48,AdventureWork_1,FactSalesQuota,SalesQuota,sales quota,Sales Quota,1,1.0
441,49,AdventureWork_1,FactSurveyResponse,CustKey,customer key,Customer Key,1,1.0
442,49,AdventureWork_1,FactSurveyResponse,Date,date,Date,1,1.0
443,49,AdventureWork_1,FactSurveyResponse,DateKey,date key,Date Key,1,1.0
444,49,AdventureWork_1,FactSurveyResponse,EnglishProdCat,english product category,English Product Category,1,1.0
445,49,AdventureWork_1,FactSurveyResponse,EnglishProdSubcat,english product subcategory,English Product Subcategory,1,1.0
446,49,AdventureWork_1,FactSurveyResponse,ProdCat,product category,Product Category,1,1.0
447,49,AdventureWork_1,FactSurveyResponse,ProdSubcat,product subcategory,Product Subcategory,1,1.0
448,49,AdventureWork_1,FactSurveyResponse,SurveyResKey,survey response key,Survey Response Key,1,1.0
449,50,AdventureWork_1,Illustration,Diag,diagram,Diagnosis,0,0.0
450,50,AdventureWork_1,Illustration,IllstrtnId,illustration identifier,Illustration ID,0,0.5
451,50,AdventureWork_1,Illustration,ModDate,modified date,Modification Date,1,1.0
452,51,AdventureWork_1,JobCandidate,BussEnttyId,business entity identifier,Business Entity ID,0,0.6666666666666666
453,51,AdventureWork_1,JobCandidate,CV,curriculum vitae,Curriculum Vitae,1,1.0
454,51,AdventureWork_1,JobCandidate,JobCandId,job candidate identifier,Job Candidate ID,0,0.6666666666666666
455,51,AdventureWork_1,JobCandidate,ModDate,modified date,Modification Date,1,1.0
456,52,AdventureWork_1,Location,Availblty,availability,Availability,1,1.0
457,52,AdventureWork_1,Location,CostRate,cost rate,Cost Rate,1,1.0
458,52,AdventureWork_1,Location,LocationName,location name,Location Name,1,1.0
459,52,AdventureWork_1,Location,Locationidentifier,location identifier,Location Identifier,1,1.0
460,52,AdventureWork_1,Location,ModDate,modified date,Modification Date,1,1.0
461,53,AdventureWork_1,NewFactCurrencyRate,CurrDate,currency date,Current Date,0,0.5
462,53,AdventureWork_1,NewFactCurrencyRate,CurrKey,currency key,Current Key,0,0.5
463,53,AdventureWork_1,NewFactCurrencyRate,CurrencyID,currency identifier,Currency ID,0,0.5
464,53,AdventureWork_1,NewFactCurrencyRate,DateKey,date key,Date Key,1,1.0
465,53,AdventureWork_1,NewFactCurrencyRate,EoDRate,end of day rate,End of Day Rate,1,1.0
466,53,AdventureWork_1,NewFactCurrencyRate,MeanRate,mean rate,Mean Rate,1,1.0
467,54,AdventureWork_1,Password,BusinessEntId,business entity identifier,Business Entity ID,0,0.6666666666666666
468,54,AdventureWork_1,Password,ChangedDate,changed date,Changed Date,1,1.0
469,54,AdventureWork_1,Password,PasswdHash,password hash,Password Hash,1,1.0
470,54,AdventureWork_1,Password,PasswdSalt,password salt,Password Salt,1,1.0
471,54,AdventureWork_1,Password,rwGuid,row globally unique identifier,Row GUID,0,0.3333333333333333
472,55,AdventureWork_1,Person,AddContInfo,additional contact information,Additional Contact Information,1,1.0
473,55,AdventureWork_1,Person,BusEntID,business entity identifier,Business Entity ID,0,0.6666666666666666
474,55,AdventureWork_1,Person,Demo,demographics,Demographics,1,1.0
475,55,AdventureWork_1,Person,EmailPromo,email promotion,Email Promotion,1,1.0
476,55,AdventureWork_1,Person,FName,first name,First Name,1,1.0
477,55,AdventureWork_1,Person,LName,last name,Last Name,1,1.0
478,55,AdventureWork_1,Person,MName,middle name,Middle Name,1,1.0
479,55,AdventureWork_1,Person,PerModDate,person modified date,Personal Modification Date,0,0.6666666666666666
480,55,AdventureWork_1,Person,PerNameStyle,person name style,Personal Name Style,0,0.6666666666666666
481,55,AdventureWork_1,Person,PerType,person type,Personal Type,0,0.5
482,55,AdventureWork_1,Person,PersonGUID,person globally unique identifier,Person GUID,0,0.3333333333333333
483,55,AdventureWork_1,Person,PersonTitle,person title,Person Title,1,1.0
484,55,AdventureWork_1,Person,SufxName,suffix name,Suffix Name,1,1.0
485,56,AdventureWork_1,PersonCreditCard,BusEntID,business entity identifier,Business Entity ID,0,0.6666666666666666
486,56,AdventureWork_1,PersonCreditCard,CCID,credit card identifier,Customer Contact ID,0,0.0
487,56,AdventureWork_1,PersonCreditCard,ChangedDate,changed date,Changed Date,1,1.0
488,57,AdventureWork_1,PersonPhone,BusEntID,business entity identifier,Business Entity ID,0,0.6666666666666666
489,57,AdventureWork_1,PersonPhone,ChangedDate,changed date,Changed Date,1,1.0
490,57,AdventureWork_1,PersonPhone,PersonPhoneNumTypeId,person phone number type identifier,Person Phone Number Type ID,0,0.8000000000000002
491,57,AdventureWork_1,PersonPhone,TelephoneNumber,telephone number,Telephone Number,1,1.0
492,58,AdventureWork_1,PhoneNumberType,PName,phone name,Product Name,0,0.5
493,58,AdventureWork_1,PhoneNumberType,PhoneModDate,phone modified date,Phone Model Date,0,0.6666666666666666
494,58,AdventureWork_1,PhoneNumberType,PhoneNumTypId,phone number type identifier,Phone Number Type ID,0,0.75
495,59,AdventureWork_1,Product,ChangedDate,changed date,Changed Date,1,1.0
496,59,AdventureWork_1,Product,DaysToMfg,days to manufacture,Days to Manufacture,1,1.0
497,59,AdventureWork_1,Product,DiscontdDate,discontinued date,Discontinued Date,1,1.0
498,59,AdventureWork_1,Product,FinGoodsFlg,finished goods flag,Finished Goods Flag,1,1.0
499,59,AdventureWork_1,Product,PClass,product class,Product Class,1,1.0
500,59,AdventureWork_1,Product,PColor,product color,Product Color,1,1.0
501,59,AdventureWork_1,Product,PLine,product line,Product Line,1,1.0
502,59,AdventureWork_1,Product,PStyle,product style,Product Style,1,1.0
503,59,AdventureWork_1,Product,ProMakeFlg,product make flag,Production Make Flag,0,0.6666666666666666
504,59,AdventureWork_1,Product,ProName,product name,Product Name,1,1.0
505,59,AdventureWork_1,Product,ProNum,product number,Product Number,1,1.0
506,59,AdventureWork_1,Product,ProWeight,product weight,Product Weight,1,1.0
507,59,AdventureWork_1,Product,ProdID,product identifier,Product ID,0,0.5
508,59,AdventureWork_1,Product,ProdModelID,product model identifier,Product Model ID,0,0.6666666666666666
509,59,AdventureWork_1,Product,ProdReorderPt,product reorder point,Product Reorder Point,1,1.0
510,59,AdventureWork_1,Product,ProdRowGuid,product row globally unique identifier,Product Row Guid,0,0.5
511,59,AdventureWork_1,Product,ProdSize,product size,Product Size,1,1.0
512,59,AdventureWork_1,Product,ProdSubCatID,product sub category identifier,Product Subcategory ID,0,0.28571428571428575
513,59,AdventureWork_1,Product,ProductListPrice,product list price,Product List Price,1,1.0
514,59,AdventureWork_1,Product,ProductSafetyStockLevel,product safety stock level,Product Safety Stock Level,1,1.0
515,59,AdventureWork_1,Product,SellEndDt,sell end date,Selling End Date,1,1.0
516,59,AdventureWork_1,Product,SellStDt,sell start date,Selling Start Date,1,1.0
517,59,AdventureWork_1,Product,SizeMeasCode,size measure code,Size Measurement Code,1,1.0
518,59,AdventureWork_1,Product,StdCost,standard cost,Standard Cost,1,1.0
519,59,AdventureWork_1,Product,WtMeasureCode,weight measure code,Weight Measurement Code,1,1.0
520,60,AdventureWork_1,ProductCategory,ChangedDate,changed date,Changed Date,1,1.0
521,60,AdventureWork_1,ProductCategory,PCID,product category identifier,Product Category ID,0,0.6666666666666666
522,60,AdventureWork_1,ProductCategory,PCName,product category name,Product Category Name,1,1.0
523,60,AdventureWork_1,ProductCategory,PCRID,product category row identifier,Product Category Related ID,0,0.5
524,61,AdventureWork_1,ProductCostHistory,EDate,end date,Effective Date,0,0.5
525,61,AdventureWork_1,ProductCostHistory,PCHChangeDate,product cost history change date,Purchase Change Date,0,0.5
526,61,AdventureWork_1,ProductCostHistory,PCHID,product cost history identifier,Purchase Change ID,0,0.0
527,61,AdventureWork_1,ProductCostHistory,SDate,start date,Sale Date,0,0.5
528,61,AdventureWork_1,ProductCostHistory,StdCost,standard cost,Standard Cost,1,1.0
529,62,AdventureWork_1,ProductDescription,CDate,changed date,Creation Date,0,0.5
530,62,AdventureWork_1,ProductDescription,Desc,description,Description,1,1.0
531,62,AdventureWork_1,ProductDescription,PDID,product description identifier,Product ID,0,0.4
532,62,AdventureWork_1,ProductDescription,PDRGUID,product description row globally unique identifier,Product GUID,0,0.25
533,63,AdventureWork_1,ProductDocument,PDChangeDate,product document change date,Product Description Change Date,0,0.75
534,63,AdventureWork_1,ProductDocument,PDPID,product document product identifier,Product Description Product ID,0,0.5
535,64,AdventureWork_1,ProductInventory,ChangedDate,changed date,Changed Date,1,1.0
536,64,AdventureWork_1,ProductInventory,LID,location identifier,Location ID,0,0.5
537,64,AdventureWork_1,ProductInventory,PIBin,product inventory bin,Product Inventory Bin,1,1.0
538,64,AdventureWork_1,ProductInventory,PIPID,product inventory product identifier,Product Inventory Product ID,0,0.75
539,64,AdventureWork_1,ProductInventory,PIQty,product inventory quantity,Product Inventory Quantity,1,1.0
540,64,AdventureWork_1,ProductInventory,PIRGuid,product invectory row globally unique identifier,Product Inventory Request Guid,0,0.2
541,64,AdventureWork_1,ProductInventory,PIShelf,product inventory shelf,Product Inventory Shelf,1,1.0
542,65,AdventureWork_1,ProductListPriceHistory,CDate,changed date,Created Date,0,0.5
543,65,AdventureWork_1,ProductListPriceHistory,EDate,end date,Expiration Date,0,0.5
544,65,AdventureWork_1,ProductListPriceHistory,LP,list price,List Price,1,1.0
545,65,AdventureWork_1,ProductListPriceHistory,PLPHPID,product list price history product identifier,Product Line Product History ID,0,0.5454545454545454
546,65,AdventureWork_1,ProductListPriceHistory,PLPHSDate,product list price history start date,Product Line Product History Start Date,0,0.6666666666666666
547,66,AdventureWork_1,ProductModel,CDate,changed date,Creation Date,0,0.5
548,66,AdventureWork_1,ProductModel,CtlgDesc,catalog description,Catalog Description,1,1.0
549,66,AdventureWork_1,ProductModel,Instr,instructions,Instructions,1,1.0
550,66,AdventureWork_1,ProductModel,PMID,product model identifier,Product ID,0,0.4
551,66,AdventureWork_1,ProductModel,PMName,product model name,Product Manager Name,0,0.6666666666666666
552,66,AdventureWork_1,ProductModel,PMRGuid,product model row globally unique identifier,Product Manager Report Guide,0,0.2
553,67,AdventureWork_1,ProductModelIllustration,ModDate,modified date,Modified Date,1,1.0
554,67,AdventureWork_1,ProductModelIllustration,iId,illustration identifier,Item ID,0,0.0
555,67,AdventureWork_1,ProductModelIllustration,pModelId,product model identifier,Product Model ID,0,0.6666666666666666
556,68,AdventureWork_1,ProductModelProductDescriptionCulture,ModDate,modified date,Modified Date,1,1.0
557,68,AdventureWork_1,ProductModelProductDescriptionCulture,cId,culture identifier,Customer ID,0,0.0
558,68,AdventureWork_1,ProductModelProductDescriptionCulture,pDescId,product description identifier,Product Description ID,0,0.6666666666666666
559,68,AdventureWork_1,ProductModelProductDescriptionCulture,pModelId,product model identifier,Product Model ID,0,0.6666666666666666
560,69,AdventureWork_1,ProductPhoto,LrgPhtFileName,large photo file name,Large Photo File Name,1,1.0
561,69,AdventureWork_1,ProductPhoto,ModDate,modified date,Modified Date,1,1.0
562,69,AdventureWork_1,ProductPhoto,ThFileName,thumbnail file name,Thumbnail File Name,1,1.0
563,69,AdventureWork_1,ProductPhoto,prdctPhotoId,product photo identifier,Product Photo ID,0,0.6666666666666666
564,70,AdventureWork_1,ProductProductPhoto,IsPrimary,is primary,IsPrimary,0,0.0
565,70,AdventureWork_1,ProductProductPhoto,ModDate,modified date,Modified Date,1,1.0
566,70,AdventureWork_1,ProductProductPhoto,pId,product identifier,Product ID,0,0.5
567,70,AdventureWork_1,ProductProductPhoto,prdctPhotoId,product photo identifier,Product Photo ID,0,0.6666666666666666
568,71,AdventureWork_1,ProductReview,EmailAdd,email address,Email Address,1,1.0
569,71,AdventureWork_1,ProductReview,ModDate,modified date,Modified Date,1,1.0
570,71,AdventureWork_1,ProductReview,PrdctReviewId,product review identifier,Product Review ID,0,0.6666666666666666
571,71,AdventureWork_1,ProductReview,ProductComments,product comments,Product Comments,1,1.0
572,71,AdventureWork_1,ProductReview,Ratng,rating,Rating,1,1.0
573,71,AdventureWork_1,ProductReview,pId,product identifier,Product ID,0,0.5
574,71,AdventureWork_1,ProductReview,rDate,review date,Review Date,1,1.0
575,71,AdventureWork_1,ProductReview,rName,reviewer name,Review Name,0,0.5
576,72,AdventureWork_1,ProductSubcategory,ModDate,modified date,Modified Date,1,1.0
577,72,AdventureWork_1,ProductSubcategory,PcId,product category identifier,Product Category ID,0,0.6666666666666666
578,72,AdventureWork_1,ProductSubcategory,ProductSubCatName,product sub category name,Product Subcategory Name,0,0.5714285714285715
579,72,AdventureWork_1,ProductSubcategory,ProductSubcatId,product subcategory identifier,Product Subcategory ID,0,0.6666666666666666
580,72,AdventureWork_1,ProductSubcategory,rId,row identifier,Region ID,0,0.0
581,73,AdventureWork_1,ProductVendor,AvgLeadtime,average lead time,Average Lead Time,1,1.0
582,73,AdventureWork_1,ProductVendor,LstReceiptCost,last receipt cost,Last Receipt Cost,1,1.0
583,73,AdventureWork_1,ProductVendor,LstReceiptDate,last receipt date,Last Receipt Date,1,1.0
584,73,AdventureWork_1,ProductVendor,MinOrdQtry,minimum order quantity,Minimum Order Quantity,1,1.0
585,73,AdventureWork_1,ProductVendor,ModDate,modified date,Modification Date,1,1.0
586,73,AdventureWork_1,ProductVendor,MxOrdrQtry,maximum order quantity,Maximum Order Quantity,1,1.0
587,73,AdventureWork_1,ProductVendor,StandrdPrice,standard price,Standard Price,1,1.0
588,73,AdventureWork_1,ProductVendor,bId,business identifier,Business ID,0,0.5
589,73,AdventureWork_1,ProductVendor,onOrdrQtry,on order quantity,On Order Quantity,1,1.0
590,73,AdventureWork_1,ProductVendor,pId,product identifier,Product ID,0,0.5
591,73,AdventureWork_1,ProductVendor,uMCode,unit measure code,Unit of Measure Code,0,0.8571428571428571
592,74,AdventureWork_1,ProspectiveBuyer,Address1,address 1,Address Line 1,0,0.8
593,74,AdventureWork_1,ProspectiveBuyer,Address2,address 2,Address Line 2,0,0.8
594,74,AdventureWork_1,ProspectiveBuyer,AnnualIncome,annual income,Annual Income,1,1.0
595,74,AdventureWork_1,ProspectiveBuyer,BDate,birth date,Birth Date,1,1.0
596,74,AdventureWork_1,ProspectiveBuyer,City,city,City,1,1.0
597,74,AdventureWork_1,ProspectiveBuyer,Contact,contact,Contact Number,0,0.6666666666666666
598,74,AdventureWork_1,ProspectiveBuyer,EduLevel,education level,Education Level,1,1.0
599,74,AdventureWork_1,ProspectiveBuyer,Email,email,Email Address,0,0.6666666666666666
600,74,AdventureWork_1,ProspectiveBuyer,FName,first name,First Name,1,1.0
601,74,AdventureWork_1,ProspectiveBuyer,JobTitle,job title,Job Title,1,1.0
602,74,AdventureWork_1,ProspectiveBuyer,LName,last name,Last Name,1,1.0
603,74,AdventureWork_1,ProspectiveBuyer,MName,middle name,Middle Name,1,1.0
604,74,AdventureWork_1,ProspectiveBuyer,Marriage,marriage,Marital Status,0,0.0
605,74,AdventureWork_1,ProspectiveBuyer,NumCars,number of cars,Number of Cars,1,1.0
606,74,AdventureWork_1,ProspectiveBuyer,NumChildren,number of children,Number of Children,1,1.0
607,74,AdventureWork_1,ProspectiveBuyer,OwnHome,owner home,Owns Home,1,1.0
608,74,AdventureWork_1,ProspectiveBuyer,POCode,postal code,Postal Code,1,1.0
609,74,AdventureWork_1,ProspectiveBuyer,ProsAltKey,prospect alternate key,Prospect Alternate Key,1,1.0
610,74,AdventureWork_1,ProspectiveBuyer,ProsBuyerKey,prospective buyer key,Prospect Buyer Key,1,1.0
611,74,AdventureWork_1,ProspectiveBuyer,Salutation,salutation,Salutation,1,1.0
612,74,AdventureWork_1,ProspectiveBuyer,Sex,sex,Gender,0,0.0
613,74,AdventureWork_1,ProspectiveBuyer,State,state,State,1,1.0
614,74,AdventureWork_1,ProspectiveBuyer,TotalChildrenHome,total children home,Total Children at Home,0,0.8571428571428571
615,74,AdventureWork_1,ProspectiveBuyer,Unknown,unknown,Unknown,1,1.0
616,75,AdventureWork_1,PurchaseOrderDetail,OrdrOty,order quantity,Order Quantity,1,1.0
617,75,AdventureWork_1,PurchaseOrderDetail,PODDate,purchase order due date,Proof of Delivery Date,0,0.25
618,75,AdventureWork_1,PurchaseOrderDetail,PODId,purchase order detail identifier,Proof of Delivery ID,0,0.0
619,75,AdventureWork_1,PurchaseOrderDetail,PrdctId,product identifier,Product ID,0,0.5
620,75,AdventureWork_1,PurchaseOrderDetail,PurcOrdrDetlStockQty,purchase order detail stocked quantity,Purchase Order Detail Stock Quantity,1,1.0
621,75,AdventureWork_1,PurchaseOrderDetail,PurcOrdrDtlLT,purchase order detail line total,Purchase Order Detail Lead Time,0,0.6
622,75,AdventureWork_1,PurchaseOrderDetail,PurchOrdDtlMDate,purchase order detail modified date,Purchase Order Detail Manufacture Date,0,0.8000000000000002
623,75,AdventureWork_1,PurchaseOrderDetail,PurchOrdrDtlRejQty,purchase order detail rejected quantity,Purchase Order Detail Rejected Quantity,1,1.0
624,75,AdventureWork_1,PurchaseOrderDetail,PurchOrdrID,purchase order identifier,Purchase Order ID,0,0.6666666666666666
625,75,AdventureWork_1,PurchaseOrderDetail,PurchOrdrUnitP,purchase order unit price,Purchase Order Unit Price,1,1.0
626,75,AdventureWork_1,PurchaseOrderDetail,ReceQty,received quantity,Received Quantity,1,1.0
627,76,AdventureWork_1,PurchaseOrderHeader,EmpId,employee identifier,Employee ID,0,0.5
628,76,AdventureWork_1,PurchaseOrderHeader,ODate,order date,Order Date,1,1.0
629,76,AdventureWork_1,PurchaseOrderHeader,POHFrght,purchase order header freight,Purchase Order Freight,0,0.8571428571428571
630,76,AdventureWork_1,PurchaseOrderHeader,POHMdate,purchase order header modified date,Purchase Order Merchandise Date,0,0.6666666666666665
631,76,AdventureWork_1,PurchaseOrderHeader,POHShipDate,purchase order header ship date,Purchase Order Ship Date,0,0.888888888888889
632,76,AdventureWork_1,PurchaseOrderHeader,POHStatus,purchase order header status,Purchase Order Status,0,0.8571428571428571
633,76,AdventureWork_1,PurchaseOrderHeader,POHSubTtl,purchase order header sub total,Purchase Order Subtotal,0,0.5
634,76,AdventureWork_1,PurchaseOrderHeader,POHTaxAmt,purchase order header tax amount,Purchase Order Tax Amount,0,0.888888888888889
635,76,AdventureWork_1,PurchaseOrderHeader,PurchOrdrID,purchase order identifier,Purchase Order ID,0,0.6666666666666666
636,76,AdventureWork_1,PurchaseOrderHeader,RvNumber,revision number,Return Number,0,0.5
637,76,AdventureWork_1,PurchaseOrderHeader,ShipId,ship identifier,Shipping ID,0,0.5
638,76,AdventureWork_1,PurchaseOrderHeader,TDue,total due,Total Due,1,1.0
639,76,AdventureWork_1,PurchaseOrderHeader,VID,vendor identifier,Vendor ID,0,0.5
640,77,AdventureWork_1,SalesOrderDetail,CTN,carrier tracking number,Customer Telephone Number,0,0.3333333333333333
641,77,AdventureWork_1,SalesOrderDetail,Id_SpecialOffer,identifier special offer,Special Offer ID,0,0.6666666666666666
642,77,AdventureWork_1,SalesOrderDetail,LinTot,line total,Line Total,1,1.0
643,77,AdventureWork_1,SalesOrderDetail,ModDate,modified date,Modification Date,1,1.0
644,77,AdventureWork_1,SalesOrderDetail,OQuantity,order quantity,Order Quantity,1,1.0
645,77,AdventureWork_1,SalesOrderDetail,OrderIdForSales,order identifier for sales,Sales Order ID,0,0.5714285714285715
646,77,AdventureWork_1,SalesOrderDetail,PId,product identifier,Product ID,0,0.5
647,77,AdventureWork_1,SalesOrderDetail,PricePerUnit,price per unit,Price Per Unit,1,1.0
648,77,AdventureWork_1,SalesOrderDetail,SalesOrderDId,sales order detail identifier,Sales Order Detail ID,0,0.75
649,77,AdventureWork_1,SalesOrderDetail,UnitPriceDisc,unit price discount,Unit Price Discount,1,1.0
650,77,AdventureWork_1,SalesOrderDetail,row_guid,row globally unique identifier,Row GUID,0,0.3333333333333333
651,78,AdventureWork_1,SalesOrderHeader,AccNo,account number,Account Number,1,1.0
652,78,AdventureWork_1,SalesOrderHeader,BillingAdressId,billing address identifier,Billing Address ID,0,0.6666666666666666
653,78,AdventureWork_1,SalesOrderHeader,ChangedDate,changed date,Changed Date,1,1.0
654,78,AdventureWork_1,SalesOrderHeader,CreditCardIdentifier,credit card identifier,Credit Card Identifier,1,1.0
655,78,AdventureWork_1,SalesOrderHeader,CustId,customer identifier,Customer ID,0,0.5
656,78,AdventureWork_1,SalesOrderHeader,DueDay,due day,Due Day,1,1.0
657,78,AdventureWork_1,SalesOrderHeader,DueTotal,due total,Due Total,1,1.0
658,78,AdventureWork_1,SalesOrderHeader,Frght,freight,Freight,1,1.0
659,78,AdventureWork_1,SalesOrderHeader,OnlineSalesOrderFlag,online sales order flag,Online Sales Order Flag,1,1.0
660,78,AdventureWork_1,SalesOrderHeader,OrderDay,order day,Order Day,1,1.0
661,78,AdventureWork_1,SalesOrderHeader,PurchaseOdrNo,purchase order number,Purchase Order Number,1,1.0
662,78,AdventureWork_1,SalesOrderHeader,RevNo,revision number,Revision Number,1,1.0
663,78,AdventureWork_1,SalesOrderHeader,SOrderId,sales order identifier,Sales Order ID,0,0.6666666666666666
664,78,AdventureWork_1,SalesOrderHeader,SalesCreditCardApprovalCode,sales credit card approval code,Sales Credit Card Approval Code,1,1.0
665,78,AdventureWork_1,SalesOrderHeader,SalesCurrencyRateId,sales currency rate identifier,Sales Currency Rate ID,0,0.75
666,78,AdventureWork_1,SalesOrderHeader,SalesOrderNo,sales order number,Sales Order Number,1,1.0
667,78,AdventureWork_1,SalesOrderHeader,SalesOrderStatus,sales order status,Sales Order Status,1,1.0
668,78,AdventureWork_1,SalesOrderHeader,SalesmanId,salesman identifier,Salesman ID,0,0.5
669,78,AdventureWork_1,SalesOrderHeader,ShipDay,ship day,Ship Day,1,1.0
670,78,AdventureWork_1,SalesOrderHeader,ShippingAdressId,shipping address identifier,Shipping Address ID,0,0.6666666666666666
671,78,AdventureWork_1,SalesOrderHeader,ShippingMethod,shipping method,Shipping Method,1,1.0
672,78,AdventureWork_1,SalesOrderHeader,TaxMoney,tax money,Tax Money,1,1.0
673,78,AdventureWork_1,SalesOrderHeader,TerrId,territory identifier,Territory ID,0,0.5
674,78,AdventureWork_1,SalesOrderHeader,comments,comments,Comments,1,1.0
675,78,AdventureWork_1,SalesOrderHeader,rowguid,row globally unique identifier,Row GUID,0,0.3333333333333333
676,78,AdventureWork_1,SalesOrderHeader,subttl,sub total,Subtotal,0,0.0
677,79,AdventureWork_1,SalesOrderHeaderSalesReason,ModificationDate,modification date,ModDt,0,0.0
678,79,AdventureWork_1,SalesOrderHeaderSalesReason,SalesOrderId,sales order identifier,SOId,0,0.0
679,79,AdventureWork_1,SalesOrderHeaderSalesReason,SalesReasonIdentifier,sales reason identifier,SRId,0,0.0
680,80,AdventureWork_1,SalesPerson,BusinessEntId,business entity identifier,Business Entity ID,0,0.6666666666666666
681,80,AdventureWork_1,SalesPerson,CommissionPct,commission percent,Commission Percentage,1,1.0
682,80,AdventureWork_1,SalesPerson,LastYearSales,last year sales,Last Year Sales,1,1.0
683,80,AdventureWork_1,SalesPerson,ModDate,modified date,Modification Date,1,1.0
684,80,AdventureWork_1,SalesPerson,Sales YTD,sales year to date,Sales Year to Date,1,1.0
685,80,AdventureWork_1,SalesPerson,SalesBonus,sales bonus,Sales Bonus,1,1.0
686,80,AdventureWork_1,SalesPerson,SalesQuota,sales quota,Sales Quota,1,1.0
687,80,AdventureWork_1,SalesPerson,TerrId,territory identifier,Territory ID,0,0.5
688,80,AdventureWork_1,SalesPerson,rowGuid,row globally unique identifier,Row GUID,0,0.3333333333333333
689,81,AdventureWork_1,SalesPersonQuotaHistory,BusinessEntId,business entity identifier,Business Entity ID,0,0.6666666666666666
690,81,AdventureWork_1,SalesPersonQuotaHistory,ModDate,modified date,Modified Date,1,1.0
691,81,AdventureWork_1,SalesPersonQuotaHistory,SPQDate,sales person quota date,Sales Performance Quota Date,0,0.75
692,81,AdventureWork_1,SalesPersonQuotaHistory,SPQuota,sales person quota,Sales Performance Quota,0,0.6666666666666666
693,81,AdventureWork_1,SalesPersonQuotaHistory,SalesRGUID,sales row globally unique identifier,Sales Region GUID,0,0.25
694,82,AdventureWork_1,SalesReason,SRID,sales reason identifier,Sales Representative ID,0,0.3333333333333333
695,82,AdventureWork_1,SalesReason,SRModDate,sales reason modified date,Sales Representative Modification Date,0,0.75
696,82,AdventureWork_1,SalesReason,SRName,sales reason name,Sales Representative Name,0,0.6666666666666666
697,82,AdventureWork_1,SalesReason,SRType,sales reason type,Sales Representative Type,0,0.6666666666666666
698,83,AdventureWork_1,SalesTaxRate,STRGUID,sales tax rate globally unique identifier,Store GUID,0,0.0
699,83,AdventureWork_1,SalesTaxRate,STRId,sales tax rate identifier,Store ID,0,0.0
700,83,AdventureWork_1,SalesTaxRate,STRModDate,sales tax rate modified date,Store Modification Date,0,0.5
701,83,AdventureWork_1,SalesTaxRate,STRName,sales tax rate name,Store Name,0,0.3333333333333333
702,83,AdventureWork_1,SalesTaxRate,STRProvinceId,sales tax rate province identifier,Store Province ID,0,0.25
703,83,AdventureWork_1,SalesTaxRate,STRTaxRate,sales tax rate tax rate,Store Tax Rate,0,0.5
704,83,AdventureWork_1,SalesTaxRate,STRTaxType,sales tax rate tax type,Store Tax Type,0,0.5
705,84,AdventureWork_1,SalesTerritory,CostYTD,cost year to date,Cost Year to Date,1,1.0
706,84,AdventureWork_1,SalesTerritory,LastYearCost,last year cost,Last Year Cost,1,1.0
707,84,AdventureWork_1,SalesTerritory,LastYearSales,last year sales,Last Year Sales,1,1.0
708,84,AdventureWork_1,SalesTerritory,STChangedDate,sales territory changed date,Sales Territory Changed Date,1,1.0
709,84,AdventureWork_1,SalesTerritory,STCountryRC,sales territory country region code,Sales Territory Country Region Code,1,1.0
710,84,AdventureWork_1,SalesTerritory,STGroup,sales territory group,Sales Territory Group,1,1.0
711,84,AdventureWork_1,SalesTerritory,STRowGUID,sales territory row globally unique identifier,Sales Territory Row GUID,0,0.6
712,84,AdventureWork_1,SalesTerritory,SalesTerrId,sales territory identifier,Sales Territory ID,0,0.6666666666666666
713,84,AdventureWork_1,SalesTerritory,SalesTerrName,sales territory name,Sales Territory Name,1,1.0
714,84,AdventureWork_1,SalesTerritory,SalesYTD,sales year to date,Sales Year to Date,1,1.0
715,85,AdventureWork_1,SalesTerritoryHistory,EndDt,end date,End Date,1,1.0
716,85,AdventureWork_1,SalesTerritoryHistory,STHBusEntID,sales territory history business entity identifier,South Business Entity ID,0,0.4
717,85,AdventureWork_1,SalesTerritoryHistory,STHModDate,sales territory history modified date,South Modified Date,0,0.5
718,85,AdventureWork_1,SalesTerritoryHistory,STHRowGuid,sales territory history row globally unique identifier,South Row GUID,0,0.2
719,85,AdventureWork_1,SalesTerritoryHistory,STHStartDt,sales territory history start date,South Start Date,0,0.5
720,85,AdventureWork_1,SalesTerritoryHistory,TerrID,territory identifier,Territory ID,0,0.5
721,86,AdventureWork_1,ScrapReason,ModDate,modified date,Modification Date,1,1.0
722,86,AdventureWork_1,ScrapReason,ReasonName,reason name,Reason Name,1,1.0
723,86,AdventureWork_1,ScrapReason,SRID,scrap reason identifier,Sales Representative ID,0,0.0
724,87,AdventureWork_1,Shift,ChangedDate,changed date,Changed Date,1,1.0
725,87,AdventureWork_1,Shift,ETime,end time,End Time,1,1.0
726,87,AdventureWork_1,Shift,SID,shift identifier,Salesperson ID,0,0.0
727,87,AdventureWork_1,Shift,STime,start time,Start Time,1,1.0
728,87,AdventureWork_1,Shift,ShiftName,shift name,Shift Name,1,1.0
729,88,AdventureWork_1,ShipMethod,SBase,ship base,Sales Base,0,0.5
730,88,AdventureWork_1,ShipMethod,SMID,ship method identifier,Sales Manager ID,0,0.0
731,88,AdventureWork_1,ShipMethod,SMMDate,ship method modified date,Sales Meeting Date,0,0.28571428571428575
732,88,AdventureWork_1,ShipMethod,SMName,ship method name,Sales Manager Name,0,0.3333333333333333
733,88,AdventureWork_1,ShipMethod,SMRID,ship method row identifier,Sales Manager Region ID,0,0.0
734,88,AdventureWork_1,ShipMethod,SRate,ship rate,Sales Rate,0,0.5
735,89,AdventureWork_1,ShoppingCartItem,CreateDate,create date,Create Date,1,1.0
736,89,AdventureWork_1,ShoppingCartItem,MDate,modified date,Modify Date,1,1.0
737,89,AdventureWork_1,ShoppingCartItem,QTY,quantity,Quantity,1,1.0
738,89,AdventureWork_1,ShoppingCartItem,SCID,shopping cart identifier,Sales Customer ID,0,0.0
739,89,AdventureWork_1,ShoppingCartItem,SCIID,shopping cart item identifier,Sales Customer Invoice ID,0,0.0
740,89,AdventureWork_1,ShoppingCartItem,SCIPID,shopping cart item product identifier,Sales Customer Product ID,0,0.22222222222222224
741,90,AdventureWork_1,SpecialOffer,CDate,changed date,Creation Date,0,0.5
742,90,AdventureWork_1,SpecialOffer,Ctg,category,Category,1,1.0
743,90,AdventureWork_1,SpecialOffer,DcntPct,discount percent,Discount Percentage,1,1.0
744,90,AdventureWork_1,SpecialOffer,Desc,description,Description,1,1.0
745,90,AdventureWork_1,SpecialOffer,EDate,end date,Expiration Date,0,0.5
746,90,AdventureWork_1,SpecialOffer,Max,maximum,Maximum,1,1.0
747,90,AdventureWork_1,SpecialOffer,Min,minimum,Minimum,1,1.0
748,90,AdventureWork_1,SpecialOffer,SDate,start date,Start Date,1,1.0
749,90,AdventureWork_1,SpecialOffer,SOID,special offer identifier,Sales Order ID,0,0.0
750,90,AdventureWork_1,SpecialOffer,SORGuid,special offer row globally unique identifier,Sales Order GUID,0,0.0
751,90,AdventureWork_1,SpecialOffer,SOType,special offer type,Sales Order Type,0,0.3333333333333333
752,91,AdventureWork_1,SpecialOfferProduct,CDate,changed date,Customer Date,0,0.5
753,91,AdventureWork_1,SpecialOfferProduct,SOPPID,special offer product product identifier,Sales Order Product ID,0,0.22222222222222224
754,91,AdventureWork_1,SpecialOfferProduct,SOPRGuid,special offer product row globally unique identifier,Sales Order Product GUID,0,0.18181818181818182
755,91,AdventureWork_1,SpecialOfferProduct,SOPSOID,special offer product special offer identifier,Sales Order Product SO ID,0,0.1818181818181818
756,92,AdventureWork_1,StateProvince,CrCode,country region code,Credit Code,0,0.4
757,92,AdventureWork_1,StateProvince,IsStateProvinceFlag,is state province flag,Is State Province Flag,1,1.0
758,92,AdventureWork_1,StateProvince,ModDate,modified date,Modification Date,1,1.0
759,92,AdventureWork_1,StateProvince,SPCode,state province code,Sales Person Code,0,0.3333333333333333
760,92,AdventureWork_1,StateProvince,SPID,state province identifier,Sales Person ID,0,0.0
761,92,AdventureWork_1,StateProvince,StateProvinceName,state province name,State Province Name,1,1.0
762,92,AdventureWork_1,StateProvince,rGuid,row globally unique identifier,Record GUID,0,0.3333333333333333
763,92,AdventureWork_1,StateProvince,tId,territory identifier,Transaction ID,0,0.0
764,93,AdventureWork_1,Store,Demogrphcs ,demographics,Demographics,1,1.0
765,93,AdventureWork_1,Store,ModDate,modified date,Modified Date,1,1.0
766,93,AdventureWork_1,Store,PersonId,person identifier,Person ID,0,0.5
767,93,AdventureWork_1,Store,StoreName,store name,Store Name,1,1.0
768,93,AdventureWork_1,Store,bId,business identifier,Business ID,0,0.5
769,93,AdventureWork_1,Store,rGuid,row globally unique identifier,Record GUID,0,0.3333333333333333
770,94,AdventureWork_1,TransactionHistory,ActCost,actual cost,Actual Cost,1,1.0
771,94,AdventureWork_1,TransactionHistory,ModDate,modified date,Modified Date,1,1.0
772,94,AdventureWork_1,TransactionHistory,Qty,quantity,Quantity,1,1.0
773,94,AdventureWork_1,TransactionHistory,ROrderId,reference order identifier,Return Order ID,0,0.3333333333333333
774,94,AdventureWork_1,TransactionHistory,ROrderLineId,reference order line identifier,Return Order Line ID,0,0.5
775,94,AdventureWork_1,TransactionHistory,pId,product identifier,Product ID,0,0.5
776,94,AdventureWork_1,TransactionHistory,tDate,transaction date,Transaction Date,1,1.0
777,94,AdventureWork_1,TransactionHistory,tId,transaction identifier,Transaction ID,0,0.5
778,94,AdventureWork_1,TransactionHistory,tType,transaction type,Transaction Type,1,1.0
779,95,AdventureWork_1,TransactionHistoryArchive,ActCost,actual cost,Actual Cost,1,1.0
780,95,AdventureWork_1,TransactionHistoryArchive,ModDate,modified date,Modified Date,1,1.0
781,95,AdventureWork_1,TransactionHistoryArchive,Qty,quantity,Quantity,1,1.0
782,95,AdventureWork_1,TransactionHistoryArchive,ROrderId,reference order identifier,Return Order ID,0,0.3333333333333333
783,95,AdventureWork_1,TransactionHistoryArchive,ROrderLineId,reference order line identifier,Return Order Line ID,0,0.5
784,95,AdventureWork_1,TransactionHistoryArchive,TransctnType,transaction type,Transaction Type,1,1.0
785,95,AdventureWork_1,TransactionHistoryArchive,pId,product identifier,Product ID,0,0.5
786,95,AdventureWork_1,TransactionHistoryArchive,tDate,transaction date,Transaction Date,1,1.0
787,95,AdventureWork_1,TransactionHistoryArchive,tId,transaction identifier,Transaction ID,0,0.5
788,96,AdventureWork_1,UnitMeasure,ModDate,modified date,Modified Date,1,1.0
789,96,AdventureWork_1,UnitMeasure,UnitMsrName,unit measure name,Unit of Measure Name,0,0.8571428571428571
790,96,AdventureWork_1,UnitMeasure,uMCode,unit measure code,Unit of Measure Code,0,0.8571428571428571
791,97,AdventureWork_1,Vendor,ActNumber,account number,Account Number,1,1.0
792,97,AdventureWork_1,Vendor,PVActiveFlag,purchase vendor active flag,Purchase Vendor Active Flag,1,1.0
793,97,AdventureWork_1,Vendor,PurcVendCR,purchase vendor credit rating,Purchase Vendor Credit Rating,1,1.0
794,97,AdventureWork_1,Vendor,PurcVendMDate,purchase vendor modified date,Purchase Vendor Modification Date,1,1.0
795,97,AdventureWork_1,Vendor,PurcVendPVS,purchase vendor preferred vendor status,Purchase Vendor Payment Vendor Status,0,0.8000000000000002
796,97,AdventureWork_1,Vendor,PurcVendPWSUrl,purchase vendor purchasing web service uniform resource locator,Purchase Vendor Payment Web Service URL,0,0.5714285714285715
797,97,AdventureWork_1,Vendor,VendorName,vendor name,Vendor Name,1,1.0
798,97,AdventureWork_1,Vendor,bId,business identifier,Business ID,0,0.5
799,98,AdventureWork_1,WorkOrder,WODDate,work order due date,Work Order Date,0,0.8571428571428571
800,98,AdventureWork_1,WorkOrder,WOEDate,work order end date,Work Order Entry Date,0,0.75
801,98,AdventureWork_1,WorkOrder,WOID,work order identifier,Work Order ID,0,0.6666666666666666
802,98,AdventureWork_1,WorkOrder,WOMDate,work order modified date,Work Order Modification Date,1,1.0
803,98,AdventureWork_1,WorkOrder,WOOQ,work oder order quantity,Work Order Quantity,0,0.8571428571428571
804,98,AdventureWork_1,WorkOrder,WOPID,work order product identifier,Work Order Product ID,0,0.75
805,98,AdventureWork_1,WorkOrder,WOSDate,work order start date,Work Order Ship Date,0,0.75
806,98,AdventureWork_1,WorkOrder,WOSQ,work order stocked quantity,Work Order Ship Quantity,0,0.75
807,98,AdventureWork_1,WorkOrder,WOSRId,work order scrap reason identifier,Work Order Ship Receipt ID,0,0.4000000000000001
808,98,AdventureWork_1,WorkOrder,WQScQ,work order scrapped quantity,Work Order Quality Score,0,0.5
809,99,AdventureWork_1,WorkOrderRouting,ACost,actual cost,Actual Cost,1,1.0
810,99,AdventureWork_1,WorkOrderRouting,ActualEDate,actual end date,Actual End Date,1,1.0
811,99,AdventureWork_1,WorkOrderRouting,ActualResHrs,actual resource hours,Actual Resource Hours,1,1.0
812,99,AdventureWork_1,WorkOrderRouting,ActualSDate,actual start date,Actual Start Date,1,1.0
813,99,AdventureWork_1,WorkOrderRouting,LocaID,location identifier,Location ID,0,0.5
814,99,AdventureWork_1,WorkOrderRouting,MDate,modified date,Machine Date,0,0.5
815,99,AdventureWork_1,WorkOrderRouting,OprSeq,operation sequence,Operation Sequence,1,1.0
816,99,AdventureWork_1,WorkOrderRouting,PC,planned cost,Production Code,0,0.0
817,99,AdventureWork_1,WorkOrderRouting,PrdtId,product identifier,Product ID,0,0.5
818,99,AdventureWork_1,WorkOrderRouting,SED,scheduled end date,Scheduled End Date,1,1.0
819,99,AdventureWork_1,WorkOrderRouting,SSD,scheduled start date,Scheduled Start Date,1,1.0
820,99,AdventureWork_1,WorkOrderRouting,ordrId,order identifier,Order ID,0,0.5
821,100,AdventureWork_1,sysdiagrams,DiagramID,diagram identifier,Diagram ID,0,0.5
822,100,AdventureWork_1,sysdiagrams,Name,name,Name,1,1.0
823,100,AdventureWork_1,sysdiagrams,PrincipalID,principal identifier,Principal ID,0,0.5
824,100,AdventureWork_1,sysdiagrams,Version,version,Version,1,1.0
